INSERT INTO PLAN VALUES (1, 'plan to transit');
INSERT INTO PLAN VALUES (2, 'plan to stay permanent');
INSERT INTO PLAN VALUES (3, 'plan to stay temporary');


INSERT INTO UKRAINE_REGION VALUES (1 , 'Cherkasy Oblast'				 );
INSERT INTO UKRAINE_REGION VALUES (2 , 'Chernihiv Oblast'			 );
INSERT INTO UKRAINE_REGION VALUES (3 , 'Chernivtsi Oblast'			 );
INSERT INTO UKRAINE_REGION VALUES (4 , 'Dnipropetrovsk Oblast'		 );
INSERT INTO UKRAINE_REGION VALUES (5 , 'Donetsk Oblast'				 );
INSERT INTO UKRAINE_REGION VALUES (6 , 'Ivano-Frankivsk Oblast'		 );
INSERT INTO UKRAINE_REGION VALUES (7 , 'Kharkiv Oblast'				 );
INSERT INTO UKRAINE_REGION VALUES (8 , 'Kherson Oblast'				 );
INSERT INTO UKRAINE_REGION VALUES (9 , 'Khmelnytskyi Oblast'			 );
INSERT INTO UKRAINE_REGION VALUES (10, 'Kyiv Oblast'					 );
INSERT INTO UKRAINE_REGION VALUES (11, 'Kirovohrad Oblast'			 );
INSERT INTO UKRAINE_REGION VALUES (12, 'Luhansk Oblast'				 );
INSERT INTO UKRAINE_REGION VALUES (13, 'Lviv Oblast'					 );
INSERT INTO UKRAINE_REGION VALUES (14, 'Mykolaiv Oblast'				 );
INSERT INTO UKRAINE_REGION VALUES (15, 'Odessa Oblast'				 );
INSERT INTO UKRAINE_REGION VALUES (16, 'Poltava Oblast'				 );
INSERT INTO UKRAINE_REGION VALUES (17, 'Rivne Oblast'				 );
INSERT INTO UKRAINE_REGION VALUES (18, 'Sumy Oblast'					 );
INSERT INTO UKRAINE_REGION VALUES (19, 'Ternopil Oblast'				 );
INSERT INTO UKRAINE_REGION VALUES (20, 'Vinnytsia Oblast'			 );
INSERT INTO UKRAINE_REGION VALUES (21, 'Volyn Oblast'				 );
INSERT INTO UKRAINE_REGION VALUES (22, 'Volhynia Oblast'			 );
INSERT INTO UKRAINE_REGION VALUES (23, 'Zakarpattia Oblast'		 );
INSERT INTO UKRAINE_REGION VALUES (24, 'Transcarpathian Oblast'		 );
INSERT INTO UKRAINE_REGION VALUES (25, 'Zaporizhia Oblast'			 );
INSERT INTO UKRAINE_REGION VALUES (26, 'Zhytomyr Oblast'				);

INSERT INTO UKRAINE_REFUGEE (ID, ARRIVAL_DATE ,BIRTH_DATE ,DEPARTURE_DATE ,FIRST_NAME ,GENDER ,LAST_NAME ,PASSPORT_NO ,PLANNED_DEPARTURE_DATE ,REGISTRATION_DATE ,PLAN ,REGION ) VALUES(1001, '2022-02-25', '1993-01-01', NULL, 'Marna', 'female', 'Halyckyj', 'U46539567', '2022-03-03', '2022-02-25', 1, 11 );
INSERT INTO UKRAINE_REFUGEE (ID, ARRIVAL_DATE ,BIRTH_DATE ,DEPARTURE_DATE ,FIRST_NAME ,GENDER ,LAST_NAME ,PASSPORT_NO ,PLANNED_DEPARTURE_DATE ,REGISTRATION_DATE ,PLAN ,REGION ) VALUES(1002, '2022-02-26', '2000-01-01', '2022-03-04', 'Andrea', 'male', 'Andrusiv', 'T49059120', '2022-03-02', '2022-02-26', 2, 10 );
INSERT INTO UKRAINE_REFUGEE (ID, ARRIVAL_DATE ,BIRTH_DATE ,DEPARTURE_DATE ,FIRST_NAME ,GENDER ,LAST_NAME ,PASSPORT_NO ,PLANNED_DEPARTURE_DATE ,REGISTRATION_DATE ,PLAN ,REGION ) VALUES(1003, '2022-02-26', '2000-01-01', NULL, 'Diana', 'male', 'Bagan', NULL, '2022-03-02', '2022-02-26', 1, 3 );

INSERT INTO UKRAINE_REFUGEE (ID, ARRIVAL_DATE ,BIRTH_DATE ,DEPARTURE_DATE ,FIRST_NAME ,GENDER ,LAST_NAME ,PASSPORT_NO ,PLANNED_DEPARTURE_DATE ,REGISTRATION_DATE ,PLAN ,REGION ) VALUES(1004, '2022-02-27', '1992-03-05', NULL, 'Flora', 'female', 'Bagan', 'T79875320', '2022-03-02', '2022-02-27', 1, 3 );
INSERT INTO UKRAINE_REFUGEE (ID, ARRIVAL_DATE ,BIRTH_DATE ,DEPARTURE_DATE ,FIRST_NAME ,GENDER ,LAST_NAME ,PASSPORT_NO ,PLANNED_DEPARTURE_DATE ,REGISTRATION_DATE ,PLAN ,REGION ) VALUES(1005, '2022-02-27', '2002-10-08', '2022-03-04', 'Sonja', 'female', 'Babich', 'U02490591', '2022-03-02', '2022-02-27', 1, 2 );
INSERT INTO UKRAINE_REFUGEE (ID, ARRIVAL_DATE ,BIRTH_DATE ,DEPARTURE_DATE ,FIRST_NAME ,GENDER ,LAST_NAME ,PASSPORT_NO ,PLANNED_DEPARTURE_DATE ,REGISTRATION_DATE ,PLAN ,REGION ) VALUES(1006, '2022-02-27', '2001-11-27', NULL, 'Irina', 'remale', 'Domitrovich', 'T99012450', '2022-03-02', '2022-02-27', 2, 9 );
INSERT INTO UKRAINE_REFUGEE (ID, ARRIVAL_DATE ,BIRTH_DATE ,DEPARTURE_DATE ,FIRST_NAME ,GENDER ,LAST_NAME ,PASSPORT_NO ,PLANNED_DEPARTURE_DATE ,REGISTRATION_DATE ,PLAN ,REGION ) VALUES(1007, '2022-02-27', '2010-04-09', '2022-03-04', 'Saso', 'male', 'Dacko', 'Z41905920', '2022-03-15', '2022-02-27', 3, 7 );
INSERT INTO UKRAINE_REFUGEE (ID, ARRIVAL_DATE ,BIRTH_DATE ,DEPARTURE_DATE ,FIRST_NAME ,GENDER ,LAST_NAME ,PASSPORT_NO ,PLANNED_DEPARTURE_DATE ,REGISTRATION_DATE ,PLAN ,REGION ) VALUES(1008, '2022-02-27', '2011-06-01', '2022-03-04', 'Andej', 'male', 'Dacko', 'S05949120', '2022-03-15', '2022-02-27', 3, 7 );

INSERT INTO UKRAINE_REFUGEE (ID, ARRIVAL_DATE ,BIRTH_DATE ,DEPARTURE_DATE ,FIRST_NAME ,GENDER ,LAST_NAME ,PASSPORT_NO ,PLANNED_DEPARTURE_DATE ,REGISTRATION_DATE ,PLAN ,REGION ) VALUES(1009, '2022-02-28', '1982-03-05', NULL, 'Sofia', 'female', 'Hopko', 'T80079291', NULL, '2022-02-28', 2, 4 );
INSERT INTO UKRAINE_REFUGEE (ID, ARRIVAL_DATE ,BIRTH_DATE ,DEPARTURE_DATE ,FIRST_NAME ,GENDER ,LAST_NAME ,PASSPORT_NO ,PLANNED_DEPARTURE_DATE ,REGISTRATION_DATE ,PLAN ,REGION ) VALUES(1010, '2022-02-28', '2012-08-08', NULL, 'Ann',  'female', 'Hopko', 'U045070291', NULL, '2022-02-28', 2, 4 );
INSERT INTO UKRAINE_REFUGEE (ID, ARRIVAL_DATE ,BIRTH_DATE ,DEPARTURE_DATE ,FIRST_NAME ,GENDER ,LAST_NAME ,PASSPORT_NO ,PLANNED_DEPARTURE_DATE ,REGISTRATION_DATE ,PLAN ,REGION ) VALUES(1011, '2022-02-28', '2011-03-27', NULL, 'Yana', 'female', 'Hopko', 'T002917450', NULL, '2022-02-28', 2, 4 );
INSERT INTO UKRAINE_REFUGEE (ID, ARRIVAL_DATE ,BIRTH_DATE ,DEPARTURE_DATE ,FIRST_NAME ,GENDER ,LAST_NAME ,PASSPORT_NO ,PLANNED_DEPARTURE_DATE ,REGISTRATION_DATE ,PLAN ,REGION ) VALUES(1012, '2022-02-28', '2011-03-09', NULL, 'Vika', 'female', 'Hopko', 'Z94920059', NULL, '2022-02-28', 2, 4 );
INSERT INTO UKRAINE_REFUGEE (ID, ARRIVAL_DATE ,BIRTH_DATE ,DEPARTURE_DATE ,FIRST_NAME ,GENDER ,LAST_NAME ,PASSPORT_NO ,PLANNED_DEPARTURE_DATE ,REGISTRATION_DATE ,PLAN ,REGION ) VALUES(1013, '2022-02-28', '2014-07-01', NULL, 'Olga', 'female', 'Hopko', 'S41905120', NULL, '2022-02-28', 2, 4 );
